{
  "isProd": false,
  "isConfigMachineGenerated": true,
  "resolution_min": 15,
  "renewable_feed_in_tariff_cents_per_kWh": 5.5,
  "ess_states": {
    "ess1": {
      "start_soc_0_to_1": 0.05,
      "start_temperature_degree_C": 27.5,
      "isAvailable": true
    },
    "ess2": {
      "start_soc_0_to_1": 0.0,
      "start_temperature_degree_C": 25.0,
      "isAvailable": true
    }
  },
  "forecast_scalers": {
    "spot_price_EUR_per_MW": 1,
    "load_W": 1e3,
    "renewable_generation_W": 1e3
  },
  "forecasts": {
    "renewable_generation_W": [
      0,
      0,
      0,
      0,
      0,
      0,
      0,
      0,
      0,
      0,
      0.14291455,
      0.321270418,
      0.449707754,
      0.536783663,
      6.247458484,
      13.69490608,
      19.67473243,
      26.42799206,
      32.617197,
      33.66548395,
      38.44335988,
      41.40878621,
      46.56307331,
      53.50314567,
      64.09989333,
      72.44978336,
      73.0520711,
      74.9612622,
      89.75273662,
      82.98354201,
      93.74357316,
      94.39665844,
      102.0321932,
      109.2496819,
      123.4482702,
      121.9495604,
      117.2894214,
      123.1057864,
      116.0128196,
      126.1733943,
      130.5814151,
      127.0600474,
      130.1148252,
      137.6954495,
      123.9972332,
      141.5175211,
      144.7723758,
      127.3411295,
      131.869282,
      128.8937496,
      125.5752372,
      117.6254522,
      119.5992084,
      124.0467129,
      120.6237686,
      107.1286803,
      109.2711806,
      107.5638219,
      106.1735494,
      96.55926928,
      79.82574692,
      80.86065872,
      74.60961368,
      69.54632076,
      63.38613424,
      61.59412394,
      52.46222871,
      50.34171,
      40.38036205,
      32.78497123,
      28.87232078,
      21.6547922,
      16.4459605,
      11.37211919,
      8.017325659,
      5.601250524,
      2.724079705,
      0,
      0,
      0,
      0,
      0,
      0,
      0,
      0,
      0,
      0,
      0,
      0,
      0,
      0,
      0,
      0,
      0,
      0,
      0
    ],
    "load_W": [
      11.34136624,
      10.35598835,
      9.924515363,
      8.309231999,
      8.791977811,
      8.502933472,
      8.175709873,
      8.989876932,
      9.595817784,
      10.25509447,
      10.09409702,
      9.609547787,
      9.954938131,
      8.870034006,
      7.886891545,
      7.20389668,
      7.766059614,
      9.237723641,
      10.25928253,
      10.93576795,
      11.29101178,
      11.11259085,
      11.23491791,
      11.12631543,
      11.10183977,
      8.668315623,
      8.306286427,
      7.47539145,
      7.454769852,
      7.660784288,
      7.398622485,
      7.332520226,
      8.120025078,
      9.227972227,
      9.637171832,
      9.63160127,
      8.782243949,
      9.833514202,
      10.61744873,
      10.00372991,
      11.4225706,
      11.78534306,
      11.23353556,
      12.76833186,
      13.17273828,
      12.36290688,
      12.85542755,
      11.92281918,
      12.57025373,
      12.64031307,
      10.79821523,
      11.20947104,
      11.83845334,
      11.96459071,
      12.34227068,
      12.48111601,
      13.25596227,
      13.25873672,
      14.39454339,
      13.38617923,
      14.96394204,
      20.420159,
      19.88174398,
      22.29109233,
      21.6904058,
      20.45199246,
      22.84233029,
      21.60040792,
      21.07964455,
      23.22357965,
      24.35356085,
      23.26152331,
      24.9063447,
      22.32458056,
      21.67135497,
      19.38430598,
      20.00313964,
      18.05434674,
      20.98266208,
      17.58910816,
      17.31387684,
      18.00878172,
      16.28437214,
      16.23500765,
      15.86456556,
      14.81432743,
      13.53523441,
      12.71408287,
      12.54591447,
      12.32645619,
      12.06013507,
      11.92711176,
      11.87876974,
      11.99329979,
      11.80825113,
      11.56163559
    ],
    "spot_price_EUR_per_kWh": [
      121.51,
      114.46,
      112.75,
      107.63,
      111.56,
      109.68,
      108.68,
      107.17,
      108.88,
      107.77,
      109.87,
      109.96,
      109.99,
      110.41,
      110.4,
      111.12,
      113.0,
      112.6,
      116.12,
      123.84,
      112.91,
      126.0,
      142.3,
      166.78,
      140.92,
      153.04,
      179.27,
      182.47,
      218.32,
      217.53,
      180.47,
      150.0,
      227.52,
      158.25,
      146.82,
      117.83,
      160.05,
      129.6,
      116.29,
      102.35,
      116.1,
      106.8,
      94.36,
      87.21,
      90.39,
      84.97,
      78.64,
      70.19,
      69.59,
      67.82,
      67.25,
      66.1,
      63.91,
      64.84,
      68.37,
      72.05,
      65.95,
      79.5,
      84.57,
      95.48,
      91.59,
      101.97,
      116.07,
      142.34,
      100.91,
      137.26,
      150.58,
      185.0,
      127.14,
      161.82,
      199.53,
      259.61,
      226.02,
      248.65,
      250.83,
      250.39,
      248.13,
      218.09,
      217.77,
      205.63,
      217.77,
      195.18,
      160.56,
      150.05,
      170.01,
      157.23,
      146.7,
      134.69,
      155.09,
      144.69,
      143.12,
      130.18,
      139.13,
      134.38,
      128,
      129.27
    ]
  }
}